{
    "1": [
        3.3446713620065918,
        3.4237437552976955,
        3.4271643575675914,
        3.4601748097664013,
        3.430472024210581,
        3.4485111358055387,
        3.42793442462367,
        3.4285751546855994,
        3.3970710726432407,
        3.417209641152514
    ],
    "2": [
        3.175387544229861,
        3.274431105694786,
        3.268655691034577,
        3.316663310801414,
        3.282884656815438,
        3.312812378173436,
        3.2832794988876053,
        3.294608952790172,
        3.259840251093853,
        3.270160313642289
    ],
    "3": [
        3.1044730727819525,
        3.212035643774285,
        3.2039477915451466,
        3.254871919484199,
        3.223974230372839,
        3.2545591137797296,
        3.2232881670079276,
        3.2349487233603487,
        3.198036108658606,
        3.215559064409613
    ],
    "4": [
        3.066293686070902,
        3.173534648707513,
        3.1641664406610537,
        3.2176645351809303,
        3.186815789403366,
        3.220823202257181,
        3.1914390883876482,
        3.2031440565148075,
        3.1624575595051834,
        3.183380090888832
    ],
    "5": [
        3.0408932594485583,
        3.14616311724367,
        3.1407442669058945,
        3.191048220038745,
        3.162492049985949,
        3.197138708746372,
        3.172169153518594,
        3.181809289663185,
        3.140976926296831,
        3.1603549211553066
    ],
    "10": [
        2.9801584208849197,
        3.0749108553307605,
        3.080639290188146,
        3.1313105932851295,
        3.111852782603723,
        3.1451939739241084,
        3.12181910844734,
        3.1332640533615974,
        3.1009565897183196,
        3.117129525697604
    ],
    "20": [
        2.9494115190912154,
        3.030807823415792,
        3.04513428283392,
        3.088304888309192,
        3.082556684035715,
        3.108410752458589,
        3.100313889577867,
        3.108123703199255,
        3.0835283283639843,
        3.097649843368498
    ],
    "30": [
        2.945412474252768,
        3.021128365840288,
        3.0373900141959544,
        3.0755380978590745,
        3.0762277696599045,
        3.100948473106476,
        3.096124137906177,
        3.1035636225826564,
        3.0849932169437553,
        3.0966953256711385
    ],
    "40": [
        2.9473990698799417,
        3.019225025657757,
        3.037613491681379,
        3.0731350761974032,
        3.078858518668606,
        3.101136063283146,
        3.0983868847255915,
        3.1035566911309185,
        3.089771095168617,
        3.100666231782253
    ],
    "50": [
        2.9521398688227327,
        3.0216958198628454,
        3.0402658655921746,
        3.074187808228957,
        3.0825830985653635,
        3.1036070533796223,
        3.1027369205494026,
        3.10699222244554,
        3.0947139802514454,
        3.1066983628538773
    ],
    "60": [
        2.9585530158835778,
        3.025128167237452,
        3.0443770471783576,
        3.077661406434823,
        3.087462678718654,
        3.107506351219557,
        3.108814191080939,
        3.111986349203142,
        3.1019714099321174,
        3.1155414519298334
    ],
    "70": [
        2.9656003326009728,
        3.0295758766584573,
        3.0503793715756333,
        3.082360694935151,
        3.0948424692181344,
        3.113326777712468,
        3.1157711359469737,
        3.1191481711918363,
        3.1099987881509565,
        3.123344250148437
    ],
    "80": [
        2.9733468871569784,
        3.035939332888667,
        3.056914003186954,
        3.0872679257630793,
        3.1020014257019555,
        3.1197709376502094,
        3.122750527129238,
        3.1257797407726025,
        3.1169587127563765,
        3.1310250151857013
    ],
    "90": [
        2.980595991861285,
        3.042211956167908,
        3.0633711155050674,
        3.0922792997888333,
        3.108586910318925,
        3.1260462327957743,
        3.1285575789825337,
        3.1315143779693537,
        3.1241855460376917,
        3.1376879988574675
    ],
    "100": [
        2.988346588133769,
        3.048233514646399,
        3.0696667755843063,
        3.0976164276293208,
        3.1147136739139096,
        3.132055657525607,
        3.134612645424878,
        3.1371882770918575,
        3.1316452116625553,
        3.1446513453924236
    ]
}